engine,period,अंतर,n_level,touch_level%,touch_random%,z_touch,close_level%,close_random%,z_close
DYN_D,IS,0.5–1.0%,269,61.3,64.3,-0.83,31.6,35.9,-1.31
DYN_D,IS,1.0–2.0%,569,40.9,38.7,0.76,21.3,20.8,0.2
DYN_D,IS,2.0–4.0%,886,15.5,15.5,0.0,9.0,7.7,1.04
DYN_D,VAL,0.5–1.0%,93,48.4,59.4,-1.68,30.1,34.8,-1.13
DYN_D,VAL,1.0–2.0%,230,40.0,35.4,0.84,25.2,18.9,1.87
DYN_D,VAL,2.0–4.0%,351,12.0,11.7,0.13,6.6,5.2,0.81
OE_1D,IS,0.5–1.0%,2288,66.9,66.5,0.41,36.5,35.0,1.61
OE_1D,IS,1.0–2.0%,633,43.6,45.5,-0.83,22.9,27.0,-2.29
OE_1D,IS,2.0–4.0%,79,13.9,15.7,-0.43,7.6,8.4,-0.23
OE_1D,VAL,0.5–1.0%,922,64.9,63.9,0.83,35.0,34.8,0.19
OE_1D,VAL,1.0–2.0%,89,49.4,47.4,0.32,31.5,28.5,0.51
OE_1D,VAL,2.0–4.0%,20,20.0,18.0,0.13,5.0,10.0,-0.64
SRV3_DW,IS,0.5–1.0%,1178,62.0,62.4,-0.42,34.8,34.7,0.11
SRV3_DW,IS,1.0–2.0%,1521,44.2,41.9,1.79,24.0,23.0,0.96
SRV3_DW,IS,2.0–4.0%,312,23.4,20.7,1.02,13.8,11.5,1.35
SRV3_DW,VAL,0.5–1.0%,374,62.0,62.0,0.02,33.4,34.7,-0.68
SRV3_DW,VAL,1.0–2.0%,543,39.6,39.4,0.08,24.5,22.5,1.26
SRV3_DW,VAL,2.0–4.0%,116,20.7,19.5,0.33,8.6,10.7,-0.62
