grid,e_hi,o_lo,d_k,d_body,n_impulse,strong_share,fwd_strong,fwd_weak,t,n_pullback,healthy_share,danger_share,resume_healthy,resume_danger,z,r_ok,r_warn,s_ratio,fvg_min
impulse,0.35,0.45,1.0,0.5,1048,0.104,0.183,0.003,0.5885860575002068,1566,0.009,0.974,0.929,0.662,2.1008167507802487,,,,
impulse,0.35,0.45,1.0,0.6,1048,0.103,0.214,-0.001,0.6969276170703107,1566,0.009,0.972,0.929,0.663,2.098090848148882,,,,
impulse,0.35,0.45,1.0,0.7,1048,0.102,0.216,-0.001,0.6991403871536354,1566,0.012,0.963,0.947,0.662,2.6230883594165926,,,,
impulse,0.35,0.45,1.5,0.5,1048,0.098,0.275,-0.006,0.8838472988902579,1566,0.014,0.958,0.909,0.658,2.469189802921464,,,,
impulse,0.35,0.45,1.5,0.6,1048,0.098,0.275,-0.006,0.8838472988902579,1566,0.014,0.957,0.909,0.659,2.462076169909489,,,,
impulse,0.35,0.45,1.5,0.7,1048,0.097,0.279,-0.006,0.8860984668902607,1566,0.015,0.953,0.917,0.659,2.648802186704503,,,,
impulse,0.35,0.45,2.0,0.5,1048,0.098,0.275,-0.006,0.8838472988902579,1566,0.015,0.95,0.917,0.657,2.663988679683882,,,,
impulse,0.35,0.45,2.0,0.6,1048,0.098,0.275,-0.006,0.8838472988902579,1566,0.015,0.95,0.917,0.658,2.660275661506877,,,,
impulse,0.35,0.45,2.0,0.7,1048,0.097,0.279,-0.006,0.8860984668902607,1566,0.016,0.948,0.92,0.658,2.7477865582735883,,,,
impulse,0.35,0.55,1.0,0.5,1048,0.264,0.14,-0.021,0.7072000030975254,1566,0.009,0.974,0.929,0.662,2.1008167507802487,,,,
impulse,0.35,0.55,1.0,0.6,1048,0.262,0.144,-0.022,0.7271187642772862,1566,0.009,0.972,0.929,0.663,2.098090848148882,,,,
impulse,0.35,0.55,1.0,0.7,1048,0.26,0.136,-0.019,0.6735550316553798,1566,0.012,0.963,0.947,0.662,2.6230883594165926,,,,
impulse,0.35,0.55,1.5,0.5,1048,0.257,0.146,-0.022,0.7284965328523508,1566,0.014,0.958,0.909,0.658,2.469189802921464,,,,
impulse,0.35,0.55,1.5,0.6,1048,0.255,0.139,-0.019,0.6800106768122663,1566,0.014,0.957,0.909,0.659,2.462076169909489,,,,
impulse,0.35,0.55,1.5,0.7,1048,0.253,0.156,-0.024,0.777526653904859,1566,0.015,0.953,0.917,0.659,2.648802186704503,,,,
impulse,0.35,0.55,2.0,0.5,1048,0.255,0.139,-0.019,0.6800106768122663,1566,0.015,0.95,0.917,0.657,2.663988679683882,,,,
impulse,0.35,0.55,2.0,0.6,1048,0.255,0.139,-0.019,0.6800106768122663,1566,0.015,0.95,0.917,0.658,2.660275661506877,,,,
impulse,0.35,0.55,2.0,0.7,1048,0.253,0.156,-0.024,0.777526653904859,1566,0.016,0.948,0.92,0.658,2.7477865582735883,,,,
impulse,0.35,0.65,1.0,0.5,1048,0.507,0.189,-0.15,1.606189478639684,1566,0.009,0.974,0.929,0.662,2.1008167507802487,,,,
impulse,0.35,0.65,1.0,0.6,1048,0.504,0.19,-0.149,1.6078595083462046,1566,0.009,0.972,0.929,0.663,2.098090848148882,,,,
impulse,0.35,0.65,1.0,0.7,1048,0.498,0.17,-0.126,1.4059468973719733,1566,0.012,0.963,0.947,0.662,2.6230883594165926,,,,
impulse,0.35,0.65,1.5,0.5,1048,0.495,0.194,-0.148,1.6218549896547767,1566,0.014,0.958,0.909,0.658,2.469189802921464,,,,
impulse,0.35,0.65,1.5,0.6,1048,0.493,0.191,-0.143,1.5805539894582132,1566,0.014,0.957,0.909,0.659,2.462076169909489,,,,
impulse,0.35,0.65,1.5,0.7,1048,0.49,0.188,-0.138,1.5459775709206207,1566,0.015,0.953,0.917,0.659,2.648802186704503,,,,
impulse,0.35,0.65,2.0,0.5,1048,0.493,0.191,-0.143,1.5805539894582132,1566,0.015,0.95,0.917,0.657,2.663988679683882,,,,
impulse,0.35,0.65,2.0,0.6,1048,0.493,0.191,-0.143,1.5805539894582132,1566,0.015,0.95,0.917,0.658,2.660275661506877,,,,
impulse,0.35,0.65,2.0,0.7,1048,0.49,0.188,-0.138,1.5459775709206207,1566,0.016,0.948,0.92,0.658,2.7477865582735883,,,,
impulse,0.45,0.45,1.0,0.5,1048,0.1,0.04,0.019,0.07123885484577819,1566,0.009,0.974,0.929,0.662,2.1008167507802487,,,,
impulse,0.45,0.45,1.0,0.6,1048,0.099,0.071,0.016,0.1851486055023951,1566,0.009,0.972,0.929,0.663,2.098090848148882,,,,
impulse,0.45,0.45,1.0,0.7,1048,0.098,0.072,0.016,0.18738433896886728,1566,0.012,0.963,0.947,0.662,2.6230883594165926,,,,
impulse,0.45,0.45,1.5,0.5,1048,0.094,0.128,0.01,0.3836643995709417,1566,0.014,0.958,0.909,0.658,2.469189802921464,,,,
impulse,0.45,0.45,1.5,0.6,1048,0.094,0.128,0.01,0.3836643995709417,1566,0.014,0.957,0.909,0.659,2.462076169909489,,,,
impulse,0.45,0.45,1.5,0.7,1048,0.094,0.129,0.01,0.38598843499605145,1566,0.015,0.953,0.917,0.659,2.648802186704503,,,,
impulse,0.45,0.45,2.0,0.5,1048,0.094,0.128,0.01,0.3836643995709417,1566,0.015,0.95,0.917,0.657,2.663988679683882,,,,
impulse,0.45,0.45,2.0,0.6,1048,0.094,0.128,0.01,0.3836643995709417,1566,0.015,0.95,0.917,0.658,2.660275661506877,,,,
impulse,0.45,0.45,2.0,0.7,1048,0.094,0.129,0.01,0.38598843499605145,1566,0.016,0.948,0.92,0.658,2.7477865582735883,,,,
impulse,0.45,0.55,1.0,0.5,1048,0.218,0.038,0.017,0.0869910572912074,1566,0.009,0.974,0.929,0.662,2.1008167507802487,,,,
impulse,0.45,0.55,1.0,0.6,1048,0.216,0.042,0.016,0.10756323447940312,1566,0.009,0.972,0.929,0.663,2.098090848148882,,,,
impulse,0.45,0.55,1.0,0.7,1048,0.214,0.061,0.011,0.21248637022314265,1566,0.012,0.963,0.947,0.662,2.6230883594165926,,,,
impulse,0.45,0.55,1.5,0.5,1048,0.211,0.074,0.007,0.2730999294881398,1566,0.014,0.958,0.909,0.658,2.469189802921464,,,,
impulse,0.45,0.55,1.5,0.6,1048,0.209,0.064,0.01,0.2196552257460277,1566,0.014,0.957,0.909,0.659,2.462076169909489,,,,
impulse,0.45,0.55,1.5,0.7,1048,0.207,0.084,0.005,0.32531215806490027,1566,0.015,0.953,0.917,0.659,2.648802186704503,,,,
impulse,0.45,0.55,2.0,0.5,1048,0.209,0.064,0.01,0.2196552257460277,1566,0.015,0.95,0.917,0.657,2.663988679683882,,,,
impulse,0.45,0.55,2.0,0.6,1048,0.209,0.064,0.01,0.2196552257460277,1566,0.015,0.95,0.917,0.658,2.660275661506877,,,,
impulse,0.45,0.55,2.0,0.7,1048,0.207,0.084,0.005,0.32531215806490027,1566,0.016,0.948,0.92,0.658,2.7477865582735883,,,,
impulse,0.45,0.65,1.0,0.5,1048,0.317,-0.048,0.054,-0.4596210752617978,1566,0.009,0.974,0.929,0.662,2.1008167507802487,,,,
impulse,0.45,0.65,1.0,0.6,1048,0.315,-0.046,0.053,-0.4431672868334171,1566,0.009,0.972,0.929,0.663,2.098090848148882,,,,
impulse,0.45,0.65,1.0,0.7,1048,0.31,-0.059,0.058,-0.5237264377344732,1566,0.012,0.963,0.947,0.662,2.6230883594165926,,,,
impulse,0.45,0.65,1.5,0.5,1048,0.308,-0.027,0.043,-0.31226657568484284,1566,0.014,0.958,0.909,0.658,2.469189802921464,,,,
impulse,0.45,0.65,1.5,0.6,1048,0.306,-0.035,0.046,-0.35752709962587864,1566,0.014,0.957,0.909,0.659,2.462076169909489,,,,
impulse,0.45,0.65,1.5,0.7,1048,0.302,-0.041,0.049,-0.39649370994307387,1566,0.015,0.953,0.917,0.659,2.648802186704503,,,,
impulse,0.45,0.65,2.0,0.5,1048,0.306,-0.035,0.046,-0.35752709962587864,1566,0.015,0.95,0.917,0.657,2.663988679683882,,,,
impulse,0.45,0.65,2.0,0.6,1048,0.306,-0.035,0.046,-0.35752709962587864,1566,0.015,0.95,0.917,0.658,2.660275661506877,,,,
impulse,0.45,0.65,2.0,0.7,1048,0.302,-0.041,0.049,-0.39649370994307387,1566,0.016,0.948,0.92,0.658,2.7477865582735883,,,,
impulse,0.55,0.45,1.0,0.5,1048,0.091,-0.067,0.03,-0.3154303211420979,1566,0.009,0.974,0.929,0.662,2.1008167507802487,,,,
impulse,0.55,0.45,1.0,0.6,1048,0.09,-0.035,0.027,-0.19916737610232335,1566,0.009,0.972,0.929,0.663,2.098090848148882,,,,
impulse,0.55,0.45,1.0,0.7,1048,0.089,-0.035,0.027,-0.19701862517774374,1566,0.012,0.963,0.947,0.662,2.6230883594165926,,,,
impulse,0.55,0.45,1.5,0.5,1048,0.085,0.023,0.021,0.004892955639631731,1566,0.014,0.958,0.909,0.658,2.469189802921464,,,,
impulse,0.55,0.45,1.5,0.6,1048,0.085,0.023,0.021,0.004892955639631731,1566,0.014,0.957,0.909,0.659,2.462076169909489,,,,
impulse,0.55,0.45,1.5,0.7,1048,0.084,0.024,0.021,0.0071429718999370066,1566,0.015,0.953,0.917,0.659,2.648802186704503,,,,
impulse,0.55,0.45,2.0,0.5,1048,0.085,0.023,0.021,0.004892955639631731,1566,0.015,0.95,0.917,0.657,2.663988679683882,,,,
impulse,0.55,0.45,2.0,0.6,1048,0.085,0.023,0.021,0.004892955639631731,1566,0.015,0.95,0.917,0.658,2.660275661506877,,,,
impulse,0.55,0.45,2.0,0.7,1048,0.084,0.024,0.021,0.0071429718999370066,1566,0.016,0.948,0.92,0.658,2.7477865582735883,,,,
impulse,0.55,0.55,1.0,0.5,1048,0.163,-0.096,0.044,-0.5304828458829609,1566,0.009,0.974,0.929,0.662,2.1008167507802487,,,,
impulse,0.55,0.55,1.0,0.6,1048,0.161,-0.093,0.043,-0.5098798122751923,1566,0.009,0.972,0.929,0.663,2.098090848148882,,,,
impulse,0.55,0.55,1.0,0.7,1048,0.159,-0.068,0.038,-0.39544773489879465,1566,0.012,0.963,0.947,0.662,2.6230883594165926,,,,
impulse,0.55,0.55,1.5,0.5,1048,0.156,-0.054,0.035,-0.3259720600448103,1566,0.014,0.958,0.909,0.658,2.469189802921464,,,,
impulse,0.55,0.55,1.5,0.6,1048,0.156,-0.068,0.038,-0.38673557345710863,1566,0.014,0.957,0.909,0.659,2.462076169909489,,,,
impulse,0.55,0.55,1.5,0.7,1048,0.154,-0.042,0.033,-0.27142296528597054,1566,0.015,0.953,0.917,0.659,2.648802186704503,,,,
impulse,0.55,0.55,2.0,0.5,1048,0.156,-0.068,0.038,-0.38673557345710863,1566,0.015,0.95,0.917,0.657,2.663988679683882,,,,
impulse,0.55,0.55,2.0,0.6,1048,0.156,-0.068,0.038,-0.38673557345710863,1566,0.015,0.95,0.917,0.658,2.660275661506877,,,,
impulse,0.55,0.55,2.0,0.7,1048,0.154,-0.042,0.033,-0.27142296528597054,1566,0.016,0.948,0.92,0.658,2.7477865582735883,,,,
impulse,0.55,0.65,1.0,0.5,1048,0.19,-0.139,0.059,-0.7819938091065364,1566,0.009,0.974,0.929,0.662,2.1008167507802487,,,,
impulse,0.55,0.65,1.0,0.6,1048,0.188,-0.137,0.058,-0.7633850369989879,1566,0.009,0.972,0.929,0.663,2.098090848148882,,,,
impulse,0.55,0.65,1.0,0.7,1048,0.185,-0.136,0.057,-0.7547880167201328,1566,0.012,0.963,0.947,0.662,2.6230883594165926,,,,
impulse,0.55,0.65,1.5,0.5,1048,0.182,-0.096,0.048,-0.5513544639159975,1566,0.014,0.958,0.909,0.658,2.469189802921464,,,,
impulse,0.55,0.65,1.5,0.6,1048,0.181,-0.109,0.05,-0.6080126053350191,1566,0.014,0.957,0.909,0.659,2.462076169909489,,,,
impulse,0.55,0.65,1.5,0.7,1048,0.178,-0.108,0.049,-0.5983245317521714,1566,0.015,0.953,0.917,0.659,2.648802186704503,,,,
impulse,0.55,0.65,2.0,0.5,1048,0.181,-0.109,0.05,-0.6080126053350191,1566,0.015,0.95,0.917,0.657,2.663988679683882,,,,
impulse,0.55,0.65,2.0,0.6,1048,0.181,-0.109,0.05,-0.6080126053350191,1566,0.015,0.95,0.917,0.658,2.660275661506877,,,,
impulse,0.55,0.65,2.0,0.7,1048,0.178,-0.108,0.049,-0.5983245317521714,1566,0.016,0.948,0.92,0.658,2.7477865582735883,,,,
pullback,,,,,1048,0.495,0.194,-0.148,1.6218549896547767,1566,0.008,0.962,0.846,0.659,1.4180916117885116,0.4,0.7,0.6,0.1
pullback,,,,,1048,0.485,0.21,-0.156,1.7345804196958243,1566,0.013,0.931,0.9,0.655,2.2909710624628494,0.4,0.7,0.6,0.25
pullback,,,,,1048,0.463,0.233,-0.16,1.8515733072214795,1566,0.019,0.891,0.833,0.651,2.079435093942626,0.4,0.7,0.6,0.5
pullback,,,,,1048,0.495,0.194,-0.148,1.6218549896547767,1566,0.009,0.962,0.857,0.659,1.557831380729643,0.4,0.7,0.8,0.1
pullback,,,,,1048,0.485,0.21,-0.156,1.7345804196958243,1566,0.015,0.931,0.875,0.655,2.250417390376349,0.4,0.7,0.8,0.25
pullback,,,,,1048,0.463,0.233,-0.16,1.8515733072214795,1566,0.026,0.891,0.825,0.651,2.285037700505172,0.4,0.7,0.8,0.5
pullback,,,,,1048,0.495,0.194,-0.148,1.6218549896547767,1566,0.009,0.962,0.857,0.659,1.557831380729643,0.4,0.7,1.0,0.1
pullback,,,,,1048,0.485,0.21,-0.156,1.7345804196958243,1566,0.017,0.931,0.808,0.655,1.6220909024776062,0.4,0.7,1.0,0.25
pullback,,,,,1048,0.463,0.233,-0.16,1.8515733072214795,1566,0.029,0.891,0.761,0.651,1.5431763910568088,0.4,0.7,1.0,0.5
pullback,,,,,1048,0.495,0.194,-0.148,1.6218549896547767,1566,0.008,0.954,0.846,0.657,1.4301539650773227,0.4,0.85,0.6,0.1
pullback,,,,,1048,0.485,0.21,-0.156,1.7345804196958243,1566,0.013,0.918,0.9,0.653,2.31187201580906,0.4,0.85,0.6,0.25
pullback,,,,,1048,0.463,0.233,-0.16,1.8515733072214795,1566,0.019,0.867,0.833,0.647,2.1225314453211177,0.4,0.85,0.6,0.5
pullback,,,,,1048,0.495,0.194,-0.148,1.6218549896547767,1566,0.009,0.954,0.857,0.657,1.570228603511828,0.4,0.85,0.8,0.1
pullback,,,,,1048,0.485,0.21,-0.156,1.7345804196958243,1566,0.015,0.918,0.875,0.653,2.27374679590197,0.4,0.85,0.8,0.25
pullback,,,,,1048,0.463,0.233,-0.16,1.8515733072214795,1566,0.026,0.867,0.825,0.647,2.3348180998299872,0.4,0.85,0.8,0.5
pullback,,,,,1048,0.495,0.194,-0.148,1.6218549896547767,1566,0.009,0.954,0.857,0.657,1.570228603511828,0.4,0.85,1.0,0.1
pullback,,,,,1048,0.485,0.21,-0.156,1.7345804196958243,1566,0.017,0.918,0.808,0.653,1.6477301284372594,0.4,0.85,1.0,0.25
pullback,,,,,1048,0.463,0.233,-0.16,1.8515733072214795,1566,0.029,0.867,0.761,0.647,1.5991841036225813,0.4,0.85,1.0,0.5
pullback,,,,,1048,0.495,0.194,-0.148,1.6218549896547767,1566,0.008,0.943,0.846,0.656,1.4382220703149269,0.4,1.0,0.6,0.1
pullback,,,,,1048,0.485,0.21,-0.156,1.7345804196958243,1566,0.013,0.902,0.9,0.65,2.3319485929181494,0.4,1.0,0.6,0.25
pullback,,,,,1048,0.463,0.233,-0.16,1.8515733072214795,1566,0.019,0.836,0.833,0.646,2.131944108042673,0.4,1.0,0.6,0.5
pullback,,,,,1048,0.495,0.194,-0.148,1.6218549896547767,1566,0.009,0.943,0.857,0.656,1.5785176762512514,0.4,1.0,0.8,0.1
pullback,,,,,1048,0.485,0.21,-0.156,1.7345804196958243,1566,0.015,0.902,0.875,0.65,2.29613929835397,0.4,1.0,0.8,0.25
pullback,,,,,1048,0.463,0.233,-0.16,1.8515733072214795,1566,0.026,0.836,0.825,0.646,2.3455120649614196,0.4,1.0,0.8,0.5
pullback,,,,,1048,0.495,0.194,-0.148,1.6218549896547767,1566,0.009,0.943,0.857,0.656,1.5785176762512514,0.4,1.0,1.0,0.1
pullback,,,,,1048,0.485,0.21,-0.156,1.7345804196958243,1566,0.017,0.902,0.808,0.65,1.6723248222283245,0.4,1.0,1.0,0.25
pullback,,,,,1048,0.463,0.233,-0.16,1.8515733072214795,1566,0.029,0.836,0.761,0.646,1.611406153193315,0.4,1.0,1.0,0.5
pullback,,,,,1048,0.495,0.194,-0.148,1.6218549896547767,1566,0.013,0.962,0.905,0.659,2.3640124712882447,0.5,0.7,0.6,0.1
pullback,,,,,1048,0.485,0.21,-0.156,1.7345804196958243,1566,0.019,0.931,0.931,0.655,3.1039292571685504,0.5,0.7,0.6,0.25
pullback,,,,,1048,0.463,0.233,-0.16,1.8515733072214795,1566,0.027,0.891,0.884,0.651,3.1695822751319978,0.5,0.7,0.6,0.5
pullback,,,,,1048,0.495,0.194,-0.148,1.6218549896547767,1566,0.014,0.962,0.909,0.659,2.4618780680040686,0.5,0.7,0.8,0.1
pullback,,,,,1048,0.485,0.21,-0.156,1.7345804196958243,1566,0.023,0.931,0.889,0.655,2.923064265841934,0.5,0.7,0.8,0.25
pullback,,,,,1048,0.463,0.233,-0.16,1.8515733072214795,1566,0.037,0.891,0.828,0.651,2.7793235385879083,0.5,0.7,0.8,0.5
pullback,,,,,1048,0.495,0.194,-0.148,1.6218549896547767,1566,0.015,0.962,0.913,0.659,2.556587354228199,0.5,0.7,1.0,0.1
pullback,,,,,1048,0.485,0.21,-0.156,1.7345804196958243,1566,0.026,0.931,0.85,0.655,2.5636431885407385,0.5,0.7,1.0,0.25
pullback,,,,,1048,0.463,0.233,-0.16,1.8515733072214795,1566,0.043,0.891,0.794,0.651,2.4303331693199945,0.5,0.7,1.0,0.5
pullback,,,,,1048,0.495,0.194,-0.148,1.6218549896547767,1566,0.013,0.954,0.905,0.657,2.3785281670229845,0.5,0.85,0.6,0.1
pullback,,,,,1048,0.485,0.21,-0.156,1.7345804196958243,1566,0.019,0.918,0.931,0.653,3.12825926642922,0.5,0.85,0.6,0.25
pullback,,,,,1048,0.463,0.233,-0.16,1.8515733072214795,1566,0.027,0.867,0.884,0.647,3.2185934426557687,0.5,0.85,0.6,0.5
pullback,,,,,1048,0.495,0.194,-0.148,1.6218549896547767,1566,0.014,0.954,0.909,0.657,2.476669313802494,0.5,0.85,0.8,0.1
pullback,,,,,1048,0.485,0.21,-0.156,1.7345804196958243,1566,0.023,0.918,0.889,0.653,2.951079459999219,0.5,0.85,0.8,0.25
pullback,,,,,1048,0.463,0.233,-0.16,1.8515733072214795,1566,0.037,0.867,0.828,0.647,2.8384662653617707,0.5,0.85,0.8,0.5
pullback,,,,,1048,0.495,0.194,-0.148,1.6218549896547767,1566,0.015,0.954,0.913,0.657,2.571648429788656,0.5,0.85,1.0,0.1
pullback,,,,,1048,0.485,0.21,-0.156,1.7345804196958243,1566,0.026,0.918,0.85,0.653,2.5941166373998295,0.5,0.85,1.0,0.25
pullback,,,,,1048,0.463,0.233,-0.16,1.8515733072214795,1566,0.043,0.867,0.794,0.647,2.495836407978238,0.5,0.85,1.0,0.5
pullback,,,,,1048,0.495,0.194,-0.148,1.6218549896547767,1566,0.013,0.943,0.905,0.656,2.3882076537850905,0.5,1.0,0.6,0.1
pullback,,,,,1048,0.485,0.21,-0.156,1.7345804196958243,1566,0.019,0.902,0.931,0.65,3.151608505407416,0.5,1.0,0.6,0.25
pullback,,,,,1048,0.463,0.233,-0.16,1.8515733072214795,1566,0.027,0.836,0.884,0.646,3.228859376237476,0.5,1.0,0.6,0.5
pullback,,,,,1048,0.495,0.194,-0.148,1.6218549896547767,1566,0.014,0.943,0.909,0.656,2.4865286464379697,0.5,1.0,0.8,0.1
pullback,,,,,1048,0.485,0.21,-0.156,1.7345804196958243,1566,0.023,0.902,0.889,0.65,2.9779319956899575,0.5,1.0,0.8,0.25
pullback,,,,,1048,0.463,0.233,-0.16,1.8515733072214795,1566,0.037,0.836,0.828,0.646,2.8507322283203567,0.5,1.0,0.8,0.5
pullback,,,,,1048,0.495,0.194,-0.148,1.6218549896547767,1566,0.015,0.943,0.913,0.656,2.581683637371033,0.5,1.0,1.0,0.1
pullback,,,,,1048,0.485,0.21,-0.156,1.7345804196958243,1566,0.026,0.902,0.85,0.65,2.623309237533087,0.5,1.0,1.0,0.25
pullback,,,,,1048,0.463,0.233,-0.16,1.8515733072214795,1566,0.043,0.836,0.794,0.646,2.5094434577412352,0.5,1.0,1.0,0.5
pullback,,,,,1048,0.495,0.194,-0.148,1.6218549896547767,1566,0.019,0.962,0.931,0.659,3.0711120832332033,0.6,0.7,0.6,0.1
pullback,,,,,1048,0.485,0.21,-0.156,1.7345804196958243,1566,0.025,0.931,0.949,0.655,3.823947050120483,0.6,0.7,0.6,0.25
pullback,,,,,1048,0.463,0.233,-0.16,1.8515733072214795,1566,0.038,0.891,0.898,0.651,3.9321103874371435,0.6,0.7,0.6,0.5
pullback,,,,,1048,0.495,0.194,-0.148,1.6218549896547767,1566,0.02,0.962,0.906,0.659,2.929135268126722,0.6,0.7,0.8,0.1
pullback,,,,,1048,0.485,0.21,-0.156,1.7345804196958243,1566,0.033,0.931,0.885,0.655,3.4360860329455893,0.6,0.7,0.8,0.25
pullback,,,,,1048,0.463,0.233,-0.16,1.8515733072214795,1566,0.052,0.891,0.841,0.651,3.5440554239717326,0.6,0.7,0.8,0.5
pullback,,,,,1048,0.495,0.194,-0.148,1.6218549896547767,1566,0.021,0.962,0.909,0.659,3.0082532194998315,0.6,0.7,1.0,0.1
pullback,,,,,1048,0.485,0.21,-0.156,1.7345804196958243,1566,0.036,0.931,0.86,0.655,3.1997674806307117,0.6,0.7,1.0,0.25
pullback,,,,,1048,0.463,0.233,-0.16,1.8515733072214795,1566,0.059,0.891,0.817,0.651,3.281187161028976,0.6,0.7,1.0,0.5
pullback,,,,,1048,0.495,0.194,-0.148,1.6218549896547767,1566,0.019,0.954,0.931,0.657,3.08768651008808,0.6,0.85,0.6,0.1
pullback,,,,,1048,0.485,0.21,-0.156,1.7345804196958243,1566,0.025,0.918,0.949,0.653,3.851493462583746,0.6,0.85,0.6,0.25
pullback,,,,,1048,0.463,0.233,-0.16,1.8515733072214795,1566,0.038,0.867,0.898,0.647,3.9880906257032174,0.6,0.85,0.6,0.5
pullback,,,,,1048,0.495,0.194,-0.148,1.6218549896547767,1566,0.02,0.954,0.906,0.657,2.946915835716134,0.6,0.85,0.8,0.1
pullback,,,,,1048,0.485,0.21,-0.156,1.7345804196958243,1566,0.033,0.918,0.885,0.653,3.4695437227083734,0.6,0.85,0.8,0.25
pullback,,,,,1048,0.463,0.233,-0.16,1.8515733072214795,1566,0.052,0.867,0.841,0.647,3.612482770390684,0.6,0.85,0.8,0.5
pullback,,,,,1048,0.495,0.194,-0.148,1.6218549896547767,1566,0.021,0.954,0.909,0.657,3.026252213634861,0.6,0.85,1.0,0.1
pullback,,,,,1048,0.485,0.21,-0.156,1.7345804196958243,1566,0.036,0.918,0.86,0.653,3.2354877531879844,0.6,0.85,1.0,0.25
pullback,,,,,1048,0.463,0.233,-0.16,1.8515733072214795,1566,0.059,0.867,0.817,0.647,3.355195601419383,0.6,0.85,1.0,0.5
pullback,,,,,1048,0.495,0.194,-0.148,1.6218549896547767,1566,0.019,0.943,0.931,0.656,3.0987035668395904,0.6,1.0,0.6,0.1
pullback,,,,,1048,0.485,0.21,-0.156,1.7345804196958243,1566,0.025,0.902,0.949,0.65,3.877896147152467,0.6,1.0,0.6,0.25
pullback,,,,,1048,0.463,0.233,-0.16,1.8515733072214795,1566,0.038,0.836,0.898,0.646,3.9993041217190695,0.6,1.0,0.6,0.5
pullback,,,,,1048,0.495,0.194,-0.148,1.6218549896547767,1566,0.02,0.943,0.906,0.656,2.958726433575732,0.6,1.0,0.8,0.1
pullback,,,,,1048,0.485,0.21,-0.156,1.7345804196958243,1566,0.033,0.902,0.885,0.65,3.5015493619564437,0.6,1.0,0.8,0.25
pullback,,,,,1048,0.463,0.233,-0.16,1.8515733072214795,1566,0.052,0.836,0.841,0.646,3.625888554986986,0.6,1.0,0.8,0.5
pullback,,,,,1048,0.495,0.194,-0.148,1.6218549896547767,1566,0.021,0.943,0.909,0.656,3.038203035934985,0.6,1.0,1.0,0.1
pullback,,,,,1048,0.485,0.21,-0.156,1.7345804196958243,1566,0.036,0.902,0.86,0.65,3.2696413044155435,0.6,1.0,1.0,0.25
pullback,,,,,1048,0.463,0.233,-0.16,1.8515733072214795,1566,0.059,0.836,0.817,0.646,3.369658287999558,0.6,1.0,1.0,0.5
