DTE,बाजू,धोका,z (σ20·√h),≈ % spot,≈ ATR14-पट,VAL n,VAL actual%,VAL CI90
0,put,5%,1.49,1.19,1.06,339,5.3,2.6–7.9
0,put,10%,1.05,0.84,0.75,146,15.8,10.5–21.0
0,put,15%,0.78,0.62,0.55,100,22.0,14.8–29.3
0,put,20%,0.58,0.46,0.41,99,32.3,23.5–41.8
0,put,25%,0.41,0.33,0.29,58,25.9,16.4–38.9
0,put,30%,0.27,0.21,0.19,68,48.5,36.4–60.8
0,call,5%,1.55,1.24,1.1,318,1.6,0.6–3.2
0,call,10%,1.11,0.89,0.79,150,6.7,3.0–11.0
0,call,15%,0.84,0.67,0.6,117,9.4,5.1–14.0
0,call,20%,0.64,0.51,0.45,84,19.0,12.9–25.0
0,call,25%,0.47,0.38,0.34,76,22.4,14.1–30.6
0,call,30%,0.33,0.26,0.23,50,36.0,26.7–45.1
1,put,5%,1.57,1.77,1.58,293,7.5,3.7–11.4
1,put,10%,1.13,1.28,1.14,182,15.4,9.8–21.1
1,put,15%,0.86,0.97,0.86,91,20.9,13.5–28.9
1,put,20%,0.66,0.75,0.66,78,24.4,15.3–32.5
1,put,25%,0.49,0.56,0.49,74,29.7,22.1–37.8
1,put,30%,0.35,0.39,0.35,74,32.4,24.7–41.7
1,call,5%,1.63,1.84,1.64,340,1.8,0.0–4.4
1,call,10%,1.19,1.35,1.2,136,4.4,1.6–8.3
1,call,15%,0.92,1.04,0.93,101,13.9,8.7–20.7
1,call,20%,0.72,0.81,0.72,98,19.4,13.5–25.3
1,call,25%,0.55,0.63,0.55,71,29.6,22.1–38.2
1,call,30%,0.41,0.46,0.41,65,32.3,23.7–40.3
2,put,5%,1.6,2.2,1.96,321,5.9,2.5–9.9
2,put,10%,1.16,1.6,1.42,156,9.0,4.5–13.5
2,put,15%,0.89,1.23,1.09,108,15.7,10.4–20.7
2,put,20%,0.69,0.95,0.84,87,21.8,15.2–28.4
2,put,25%,0.52,0.72,0.64,72,29.2,20.5–39.1
2,put,30%,0.37,0.52,0.46,53,28.3,17.3–38.3
2,call,5%,1.66,2.28,2.04,316,2.2,0.6–4.1
2,call,10%,1.22,1.68,1.5,152,7.9,2.8–13.5
2,call,15%,0.95,1.31,1.17,116,12.1,7.0–18.3
2,call,20%,0.75,1.03,0.92,83,16.9,10.1–23.8
2,call,25%,0.58,0.8,0.71,59,25.4,14.5–36.1
2,call,30%,0.43,0.6,0.53,87,28.7,19.8–38.1
3,put,5%,1.65,2.61,2.34,325,4.0,1.8–6.3
3,put,10%,1.21,1.92,1.71,146,10.3,5.9–14.0
3,put,15%,0.94,1.49,1.33,114,14.0,9.5–18.3
3,put,20%,0.73,1.17,1.04,90,16.7,11.5–21.8
3,put,25%,0.57,0.9,0.8,78,21.8,15.6–27.7
3,put,30%,0.42,0.67,0.6,66,28.8,20.7–36.1
3,call,5%,1.71,2.7,2.42,286,1.7,0.4–3.3
3,call,10%,1.27,2.01,1.8,177,9.0,5.3–13.7
3,call,15%,1.0,1.59,1.41,102,19.6,13.4–26.4
3,call,20%,0.79,1.27,1.13,72,23.6,15.6–32.8
3,call,25%,0.63,1.0,0.89,81,27.2,18.8–36.2
3,call,30%,0.48,0.77,0.68,63,31.7,23.1–39.7
4,put,5%,1.67,2.95,2.65,312,4.8,2.2–7.8
4,put,10%,1.23,2.18,1.95,152,9.9,5.4–13.8
4,put,15%,0.96,1.71,1.52,116,13.8,9.6–18.1
4,put,20%,0.76,1.35,1.2,80,18.8,11.1–28.4
4,put,25%,0.59,1.05,0.94,74,23.0,15.0–30.9
4,put,30%,0.44,0.79,0.7,78,32.1,25.3–39.2
4,call,5%,1.73,3.06,2.75,284,6.0,2.8–10.1
4,call,10%,1.29,2.29,2.05,157,8.9,4.2–14.3
4,call,15%,1.02,1.82,1.62,110,14.5,8.8–21.2
4,call,20%,0.82,1.46,1.3,81,18.5,11.8–26.5
4,call,25%,0.65,1.16,1.03,65,26.2,16.9–35.4
4,call,30%,0.5,0.9,0.8,59,40.7,31.6–50.0
