trial,period,setup,trades,win_pct,expectancy_r,avg_win_r,avg_loss_r,profit_factor,total_r,max_dd_r,knobs
BASE,IS 2015→2021,ALL,390,44.1,-0.182,0.796,-0.954,0.66,-71.11,72.91,{}
BASE,IS 2015→2021,D1,15,66.7,0.291,0.578,-0.282,4.1,4.37,0.88,{}
BASE,IS 2015→2021,D2,11,36.4,-0.46,0.428,-0.967,0.25,-5.06,4.57,{}
BASE,VAL 2022→2024-03,ALL,148,53.4,0.033,0.859,-0.912,1.08,4.94,6.68,{}
BASE,VAL 2022→2024-03,D1,7,14.3,-0.399,0.448,-0.541,0.14,-2.8,1.88,{}
BASE,VAL 2022→2024-03,D2,4,50.0,0.019,0.586,-0.549,1.07,0.08,1.06,{}
H1,IS 2015→2021,ALL,383,44.1,-0.181,0.801,-0.957,0.66,-69.38,71.18,"{""d2_allowed_biases"": [""LONG_ONLY"", ""SHORT_ONLY""]}"
H1,IS 2015→2021,D1,15,66.7,0.291,0.578,-0.282,4.1,4.37,0.88,"{""d2_allowed_biases"": [""LONG_ONLY"", ""SHORT_ONLY""]}"
H1,IS 2015→2021,D2,1,0.0,-1.085,,-1.085,0.0,-1.09,0.0,"{""d2_allowed_biases"": [""LONG_ONLY"", ""SHORT_ONLY""]}"
H1,VAL 2022→2024-03,ALL,146,53.4,0.029,0.862,-0.925,1.07,4.28,7.63,"{""d2_allowed_biases"": [""LONG_ONLY"", ""SHORT_ONLY""]}"
H1,VAL 2022→2024-03,D1,7,14.3,-0.399,0.448,-0.541,0.14,-2.8,1.88,"{""d2_allowed_biases"": [""LONG_ONLY"", ""SHORT_ONLY""]}"
H1,VAL 2022→2024-03,D2,0,,,,,,0.0,0.0,"{""d2_allowed_biases"": [""LONG_ONLY"", ""SHORT_ONLY""]}"
H3_020,IS 2015→2021,ALL,230,47.4,-0.071,0.795,-0.852,0.84,-16.4,23.17,"{""adr_min_frac"": 0.2}"
H3_020,IS 2015→2021,D1,12,66.7,0.316,0.63,-0.312,4.04,3.79,0.72,"{""adr_min_frac"": 0.2}"
H3_020,IS 2015→2021,D2,5,40.0,-0.564,0.233,-1.096,0.14,-2.82,2.14,"{""adr_min_frac"": 0.2}"
H3_020,VAL 2022→2024-03,ALL,86,52.3,0.003,0.785,-0.855,1.01,0.29,7.82,"{""adr_min_frac"": 0.2}"
H3_020,VAL 2022→2024-03,D1,7,14.3,-0.399,0.448,-0.541,0.14,-2.8,1.88,"{""adr_min_frac"": 0.2}"
H3_020,VAL 2022→2024-03,D2,1,0.0,-0.033,,-0.033,0.0,-0.03,0.0,"{""adr_min_frac"": 0.2}"
H3_025,IS 2015→2021,ALL,166,50.0,-0.037,0.764,-0.838,0.91,-6.13,18.57,"{""adr_min_frac"": 0.25}"
H3_025,IS 2015→2021,D1,11,72.7,0.38,0.63,-0.286,5.87,4.18,0.53,"{""adr_min_frac"": 0.25}"
H3_025,IS 2015→2021,D2,3,66.7,-0.208,0.209,-1.04,0.4,-0.62,1.04,"{""adr_min_frac"": 0.25}"
H3_025,VAL 2022→2024-03,ALL,59,54.2,0.053,0.795,-0.827,1.14,3.14,5.57,"{""adr_min_frac"": 0.25}"
H3_025,VAL 2022→2024-03,D1,3,33.3,-0.009,0.448,-0.238,0.94,-0.03,0.03,"{""adr_min_frac"": 0.25}"
H3_025,VAL 2022→2024-03,D2,1,0.0,-0.033,,-0.033,0.0,-0.03,0.0,"{""adr_min_frac"": 0.25}"
H4a_none,IS 2015→2021,ALL,386,44.0,-0.183,0.819,-0.972,0.66,-70.71,73.03,"{""d1_exit_rule"": ""none""}"
H4a_none,IS 2015→2021,D1,12,66.7,0.368,1.01,-0.915,2.21,4.42,2.17,"{""d1_exit_rule"": ""none""}"
H4a_none,IS 2015→2021,D2,11,36.4,-0.46,0.428,-0.967,0.25,-5.06,4.57,"{""d1_exit_rule"": ""none""}"
H4a_none,VAL 2022→2024-03,ALL,147,54.4,0.038,0.866,-0.951,1.09,5.61,7.24,"{""d1_exit_rule"": ""none""}"
H4a_none,VAL 2022→2024-03,D1,6,33.3,-0.359,0.951,-1.013,0.47,-2.15,2.08,"{""d1_exit_rule"": ""none""}"
H4a_none,VAL 2022→2024-03,D2,4,50.0,0.019,0.586,-0.549,1.07,0.08,1.06,"{""d1_exit_rule"": ""none""}"
H4b_12bars,IS 2015→2021,ALL,388,43.6,-0.186,0.818,-0.96,0.66,-72.01,74.34,"{""d1_exit_rule"": ""bars"", ""d1_time_stop_bars"": 12}"
H4b_12bars,IS 2015→2021,D1,12,58.3,0.382,1.016,-0.506,2.81,4.58,2.0,"{""d1_exit_rule"": ""bars"", ""d1_time_stop_bars"": 12}"
H4b_12bars,IS 2015→2021,D2,11,36.4,-0.46,0.428,-0.967,0.25,-5.06,4.57,"{""d1_exit_rule"": ""bars"", ""d1_time_stop_bars"": 12}"
H4b_12bars,VAL 2022→2024-03,ALL,147,55.1,0.042,0.84,-0.937,1.1,6.19,6.51,"{""d1_exit_rule"": ""bars"", ""d1_time_stop_bars"": 12}"
H4b_12bars,VAL 2022→2024-03,D1,6,50.0,-0.258,0.202,-0.718,0.28,-1.55,1.06,"{""d1_exit_rule"": ""bars"", ""d1_time_stop_bars"": 12}"
H4b_12bars,VAL 2022→2024-03,D2,4,50.0,0.019,0.586,-0.549,1.07,0.08,1.06,"{""d1_exit_rule"": ""bars"", ""d1_time_stop_bars"": 12}"
H4c_or_reentry,IS 2015→2021,ALL,388,43.8,-0.181,0.817,-0.959,0.66,-70.22,72.54,"{""d1_exit_rule"": ""or_reentry""}"
H4c_or_reentry,IS 2015→2021,D1,13,53.8,0.299,0.955,-0.466,2.39,3.89,1.26,"{""d1_exit_rule"": ""or_reentry""}"
H4c_or_reentry,IS 2015→2021,D2,11,36.4,-0.46,0.428,-0.967,0.25,-5.06,4.57,"{""d1_exit_rule"": ""or_reentry""}"
H4c_or_reentry,VAL 2022→2024-03,ALL,147,54.4,0.056,0.866,-0.912,1.13,8.18,6.08,"{""d1_exit_rule"": ""or_reentry""}"
H4c_or_reentry,VAL 2022→2024-03,D1,7,28.6,-0.086,0.951,-0.501,0.76,-0.6,1.45,"{""d1_exit_rule"": ""or_reentry""}"
H4c_or_reentry,VAL 2022→2024-03,D2,4,50.0,0.019,0.586,-0.549,1.07,0.08,1.06,"{""d1_exit_rule"": ""or_reentry""}"
H5,IS 2015→2021,ALL,162,48.8,-0.036,0.808,-0.839,0.92,-5.86,18.71,"{""d2_allowed_biases"": [""LONG_ONLY"", ""SHORT_ONLY""], ""adr_min_frac"": 0.25, ""d1_exit_rule"": ""or_reentry""}"
H5,IS 2015→2021,D1,9,55.6,0.314,0.971,-0.507,2.4,2.83,0.61,"{""d2_allowed_biases"": [""LONG_ONLY"", ""SHORT_ONLY""], ""adr_min_frac"": 0.25, ""d1_exit_rule"": ""or_reentry""}"
H5,IS 2015→2021,D2,0,,,,,,0.0,0.0,"{""d2_allowed_biases"": [""LONG_ONLY"", ""SHORT_ONLY""], ""adr_min_frac"": 0.25, ""d1_exit_rule"": ""or_reentry""}"
H5,VAL 2022→2024-03,ALL,58,56.9,0.078,0.815,-0.896,1.2,4.51,5.57,"{""d2_allowed_biases"": [""LONG_ONLY"", ""SHORT_ONLY""], ""adr_min_frac"": 0.25, ""d1_exit_rule"": ""or_reentry""}"
H5,VAL 2022→2024-03,D1,3,66.7,0.438,0.951,-0.587,3.24,1.31,0.0,"{""d2_allowed_biases"": [""LONG_ONLY"", ""SHORT_ONLY""], ""adr_min_frac"": 0.25, ""d1_exit_rule"": ""or_reentry""}"
H5,VAL 2022→2024-03,D2,0,,,,,,0.0,0.0,"{""d2_allowed_biases"": [""LONG_ONLY"", ""SHORT_ONLY""], ""adr_min_frac"": 0.25, ""d1_exit_rule"": ""or_reentry""}"
