engine,period,touch_bucket,n,bounce_pct
DYN,IS,0,2,0.0
DYN,IS,1,16,43.8
DYN,IS,2,45,28.9
DYN,IS,3–4,152,37.5
DYN,IS,5+,1092,42.5
DYN,VAL,0,1,100.0
DYN,VAL,1,4,50.0
DYN,VAL,2,18,38.9
DYN,VAL,3–4,51,47.1
DYN,VAL,5+,346,44.5
OE,IS,0,5956,27.2
OE,IS,1,1164,40.4
OE,IS,2,1130,42.8
OE,IS,3–4,2057,39.9
OE,IS,5+,16271,41.0
OE,VAL,0,2188,27.2
OE,VAL,1,328,41.8
OE,VAL,2,319,47.3
OE,VAL,3–4,597,45.1
OE,VAL,5+,5746,44.6
SRV3,IS,0,268,25.0
SRV3,IS,1,493,30.2
SRV3,IS,2,309,34.3
SRV3,IS,3–4,479,27.6
SRV3,IS,5+,1959,29.7
SRV3,VAL,0,91,26.4
SRV3,VAL,1,164,34.1
SRV3,VAL,2,99,29.3
SRV3,VAL,3–4,183,37.2
SRV3,VAL,5+,615,31.1
